{"cameraMode":{"drawMode":0,"name":"Shaded","section":"Shading Mode"},"sceneLighting":true,"audioPlay":false,"sceneViewState":{"showFog":true,"showMaterialUpdate":false,"showSkybox":true,"showFlares":true,"showImageEffects":false,"showParticleSystems":false},"in2DMode":false,"pivot":{"x":3.201205253601074,"y":-8.456449508666993,"z":6.3191657066345219},"rotation":{"x":-0.4363238215446472,"y":0.007560950703918934,"z":-0.003662863979116082,"w":-0.8997849822044373},"size":28.438940048217775,"orthographic":false}