{"cameraMode":{"drawMode":0,"name":"Shaded","section":"Shading Mode"},"sceneLighting":true,"audioPlay":false,"sceneViewState":{"showFog":true,"showMaterialUpdate":false,"showSkybox":true,"showFlares":true,"showImageEffects":false,"showParticleSystems":false},"in2DMode":false,"pivot":{"x":10.849286079406739,"y":-6.06768274307251,"z":-20.824838638305665},"rotation":{"x":0.017196524888277055,"y":0.9777808785438538,"z":-0.18917182087898255,"w":0.08883167803287506},"size":35.308834075927737,"orthographic":false}