{"cameraMode":{"drawMode":0,"name":"Shaded","section":"Shading Mode"},"sceneLighting":true,"audioPlay":false,"sceneViewState":{"showFog":true,"showMaterialUpdate":false,"showSkybox":true,"showFlares":true,"showImageEffects":false,"showParticleSystems":false},"in2DMode":false,"pivot":{"x":-1.2572474479675294,"y":-7.463828086853027,"z":0.3477482795715332},"rotation":{"x":-0.5903624892234802,"y":-0.00653480552136898,"z":0.004784159362316132,"w":-0.8071330189704895},"size":18.119375228881837,"orthographic":false}