{"cameraMode":{"drawMode":0,"name":"Shaded","section":"Shading Mode"},"sceneLighting":true,"audioPlay":false,"sceneViewState":{"showFog":true,"showMaterialUpdate":false,"showSkybox":true,"showFlares":true,"showImageEffects":false,"showParticleSystems":false},"in2DMode":false,"pivot":{"x":2.756995916366577,"y":-9.445441246032715,"z":1.9023878574371338},"rotation":{"x":-0.5601495504379273,"y":0.04419076815247536,"z":-0.029938848689198495,"w":-0.8267071843147278},"size":16.284639358520509,"orthographic":false}