{"cameraMode":{"drawMode":0,"name":"Shaded","section":"Shading Mode"},"sceneLighting":true,"audioPlay":false,"sceneViewState":{"showFog":true,"showMaterialUpdate":false,"showSkybox":true,"showFlares":true,"showImageEffects":false,"showParticleSystems":false},"in2DMode":false,"pivot":{"x":3.6363279819488527,"y":-10.907631874084473,"z":-3.721637010574341},"rotation":{"x":-0.6616560816764832,"y":0.004051436670124531,"z":-0.003572252579033375,"w":-0.7498291730880737},"size":23.03326416015625,"orthographic":false}