{"cameraMode":{"drawMode":0,"name":"Shaded","section":"Shading Mode"},"sceneLighting":true,"audioPlay":false,"sceneViewState":{"showFog":true,"showMaterialUpdate":false,"showSkybox":true,"showFlares":true,"showImageEffects":false,"showParticleSystems":false},"in2DMode":false,"pivot":{"x":0.9705698490142822,"y":-8.818754196166993,"z":5.019030570983887},"rotation":{"x":-0.5627565383911133,"y":0.040387894958257678,"z":-0.027538882568478586,"w":-0.8252130150794983},"size":21.005128860473634,"orthographic":false}