{"cameraMode":{"drawMode":0,"name":"Shaded","section":"Shading Mode"},"sceneLighting":true,"audioPlay":false,"sceneViewState":{"showFog":true,"showMaterialUpdate":false,"showSkybox":true,"showFlares":true,"showImageEffects":false,"showParticleSystems":false},"in2DMode":false,"pivot":{"x":3.9455690383911135,"y":-4.5487961769104,"z":0.3043797016143799},"rotation":{"x":-0.20631109178066255,"y":0.6415404677391052,"z":-0.18504194915294648,"w":-0.7152891755104065},"size":17.501684188842775,"orthographic":false}