{"cameraMode":{"drawMode":0,"name":"Shaded","section":"Shading Mode"},"sceneLighting":true,"audioPlay":false,"sceneViewState":{"showFog":true,"showMaterialUpdate":false,"showSkybox":true,"showFlares":true,"showImageEffects":false,"showParticleSystems":false},"in2DMode":false,"pivot":{"x":-14.86346435546875,"y":-21.82916259765625,"z":19.35562515258789},"rotation":{"x":-0.30229049921035769,"y":0.48160362243652346,"z":-0.1814507097005844,"w":-0.8023532032966614},"size":55.06257247924805,"orthographic":false}