{"cameraMode":{"drawMode":0,"name":"Shaded","section":"Shading Mode"},"sceneLighting":true,"audioPlay":false,"sceneViewState":{"showFog":true,"showMaterialUpdate":false,"showSkybox":true,"showFlares":true,"showImageEffects":false,"showParticleSystems":false},"in2DMode":false,"pivot":{"x":14.874199867248536,"y":-7.7566070556640629,"z":-2.2248153686523439},"rotation":{"x":0.19533827900886537,"y":0.8046503663063049,"z":-0.39347565174102785,"w":0.39946484565734866},"size":27.750408172607423,"orthographic":false}