{"cameraMode":{"drawMode":0,"name":"Shaded","section":"Shading Mode"},"sceneLighting":true,"audioPlay":false,"sceneViewState":{"showFog":true,"showMaterialUpdate":false,"showSkybox":true,"showFlares":true,"showImageEffects":false,"showParticleSystems":false},"in2DMode":false,"pivot":{"x":3.374752998352051,"y":-3.0218749046325685,"z":0.3447751998901367},"rotation":{"x":-0.09767299145460129,"y":0.8931463360786438,"z":-0.37059253454208376,"w":-0.23539704084396363},"size":17.153230667114259,"orthographic":false}