{"cameraMode":{"drawMode":0,"name":"Shaded","section":"Shading Mode"},"sceneLighting":true,"audioPlay":false,"sceneViewState":{"showFog":true,"showMaterialUpdate":false,"showSkybox":true,"showFlares":true,"showImageEffects":false,"showParticleSystems":false},"in2DMode":false,"pivot":{"x":0.24156901240348817,"y":-1.661168098449707,"z":0.871694028377533},"rotation":{"x":-0.28920021653175356,"y":0.6627150177955627,"z":-0.31063002347946169,"w":-0.6170103549957275},"size":7.000742435455322,"orthographic":false}