{"cameraMode":{"drawMode":0,"name":"Shaded","section":"Shading Mode"},"sceneLighting":true,"audioPlay":false,"sceneViewState":{"showFog":true,"showMaterialUpdate":false,"showSkybox":true,"showFlares":true,"showImageEffects":false,"showParticleSystems":false},"in2DMode":false,"pivot":{"x":-1.0841944217681885,"y":-6.301913261413574,"z":2.9674816131591799},"rotation":{"x":-0.5779055953025818,"y":-0.059117019176483157,"z":0.04203341156244278,"w":-0.8129098415374756},"size":16.80682373046875,"orthographic":false}